{
  "Baseline": {
    "parameters": 60362,
    "inference_time_ms": 3.0150829999999473,
    "final_train_accuracy": 0.83716,
    "final_test_accuracy": 0.7104,
    "final_train_loss": 0.4699190986125975,
    "final_test_loss": 0.9352373549133349,
    "accuracy_gap": 0.12675999999999998,
    "training_history": {
      "train_accuracies": [
        0.54952,
        0.6751,
        0.71912,
        0.74692,
        0.7702,
        0.78606,
        0.801,
        0.81332,
        0.8273,
        0.83716
      ],
      "test_accuracies": [
        0.6083,
        0.6627,
        0.7033,
        0.7164,
        0.7109,
        0.7174,
        0.7087,
        0.7058,
        0.7094,
        0.7104
      ],
      "train_losses": [
        1.2765508772771987,
        0.944195950275187,
        0.816555893901364,
        0.7368167472617401,
        0.6703971931544106,
        0.6223359291663255,
        0.5742952441010634,
        0.5362711322238988,
        0.5009958391337443,
        0.4699190986125975
      ],
      "test_losses": [
        1.1323635862891082,
        0.9698088928392739,
        0.8719876287089792,
        0.835379173421556,
        0.8861004349532401,
        0.8584093468584073,
        0.8988822806792655,
        0.913768535586679,
        0.9178361968629679,
        0.9352373549133349
      ]
    }
  },
  "Custom": {
    "parameters": 62508,
    "inference_time_ms": 2.6317019999999047,
    "final_train_accuracy": 0.7637,
    "final_test_accuracy": 0.697,
    "final_train_loss": 0.6798168552653564,
    "final_test_loss": 0.9056625020731787,
    "accuracy_gap": 0.06670000000000009,
    "training_history": {
      "train_accuracies": [
        0.4033,
        0.54314,
        0.60254,
        0.64142,
        0.67148,
        0.69528,
        0.71546,
        0.73174,
        0.7489,
        0.7637
      ],
      "test_accuracies": [
        0.5075,
        0.5758,
        0.6113,
        0.6378,
        0.6504,
        0.6595,
        0.6716,
        0.6824,
        0.6971,
        0.697
      ],
      "train_losses": [
        1.681120079344191,
        1.2920014231711092,
        1.13277206122113,
        1.0273183022466157,
        0.9423726951069844,
        0.8774846436270057,
        0.8173313105807585,
        0.7659022574839385,
        0.7208666898253019,
        0.6798168552653564
      ],
      "test_losses": [
        1.3792036862889672,
        1.2032437058770733,
        1.0982787874853535,
        1.0265200904979828,
        1.0071201138435655,
        0.9830915343229938,
        0.9692702961575453,
        0.911368455856469,
        0.8891519888950761,
        0.9056625020731787
      ]
    }
  }
}