{
  "BasicBlock": {
    "parameters": 175258,
    "inference_time_ms": 3.3080819999995015,
    "final_train_accuracy": 0.87836,
    "final_test_accuracy": 0.7958,
    "final_train_loss": 0.34672566310828906,
    "final_test_loss": 0.6152987178343876,
    "accuracy_gap": 0.08256000000000008,
    "training_history": {
      "train_accuracies": [
        0.51912,
        0.67312,
        0.7344,
        0.7727,
        0.80142,
        0.8221,
        0.83668,
        0.85374,
        0.8629,
        0.87836
      ],
      "test_accuracies": [
        0.5826,
        0.6833,
        0.6954,
        0.7265,
        0.7563,
        0.7742,
        0.7863,
        0.7744,
        0.7893,
        0.7958
      ],
      "train_losses": [
        1.320836074593122,
        0.9213357733567352,
        0.7560415383037704,
        0.6519762721970258,
        0.5752863515063625,
        0.5152682998143804,
        0.47039082848354985,
        0.4222382590974993,
        0.3856735960639956,
        0.34672566310828906
      ],
      "test_losses": [
        1.1367201801318272,
        0.8896611879585655,
        0.849683934526079,
        0.7898086975714204,
        0.6817109284886889,
        0.6773859943933548,
        0.6278922669826799,
        0.6928956789575564,
        0.6274019646796452,
        0.6152987178343876
      ]
    }
  },
  "BottleneckBlock": {
    "parameters": 220378,
    "inference_time_ms": 4.9476419999984955,
    "final_train_accuracy": 0.87026,
    "final_test_accuracy": 0.7875,
    "final_train_loss": 0.3658891305174974,
    "final_test_loss": 0.6332774798201907,
    "accuracy_gap": 0.08276000000000006,
    "training_history": {
      "train_accuracies": [
        0.53066,
        0.66422,
        0.71806,
        0.75642,
        0.78628,
        0.80794,
        0.82638,
        0.84306,
        0.85808,
        0.87026
      ],
      "test_accuracies": [
        0.5498,
        0.6619,
        0.7102,
        0.7462,
        0.7474,
        0.7684,
        0.778,
        0.7904,
        0.7842,
        0.7875
      ],
      "train_losses": [
        1.289205682628295,
        0.9391349166098153,
        0.793506564539107,
        0.6909322705491424,
        0.6105399270115606,
        0.5440933783645825,
        0.4897448057332612,
        0.44382548503711095,
        0.4032064839778349,
        0.3658891305174974
      ],
      "test_losses": [
        1.3859497589670169,
        0.9541650953566193,
        0.796832963919184,
        0.7153384750056418,
        0.7156309580347341,
        0.6826092278122142,
        0.6590817667496432,
        0.6146471874349436,
        0.6629956336158096,
        0.6332774798201907
      ]
    }
  },
  "WideBlock": {
    "parameters": 346202,
    "inference_time_ms": 4.989518999996108,
    "final_train_accuracy": 0.90248,
    "final_test_accuracy": 0.8045,
    "final_train_loss": 0.28148451687582315,
    "final_test_loss": 0.623693512218773,
    "accuracy_gap": 0.09797999999999996,
    "training_history": {
      "train_accuracies": [
        0.51364,
        0.67474,
        0.74014,
        0.78238,
        0.8166,
        0.8335,
        0.8509,
        0.87206,
        0.88532,
        0.90248
      ],
      "test_accuracies": [
        0.6061,
        0.7086,
        0.739,
        0.7379,
        0.7656,
        0.7345,
        0.8014,
        0.8014,
        0.8018,
        0.8045
      ],
      "train_losses": [
        1.3249575393584074,
        0.9104038441882414,
        0.740786344841923,
        0.6235491040417606,
        0.5344721688829419,
        0.47741579014779356,
        0.4225476629784345,
        0.36780922162487073,
        0.32711055551838997,
        0.28148451687582315
      ],
      "test_losses": [
        1.1031067420722573,
        0.826939074476813,
        0.7481515625859522,
        0.7631597488549104,
        0.691213072675049,
        0.7913369376947925,
        0.5806697369760768,
        0.6011028679882645,
        0.6366511892740894,
        0.623693512218773
      ]
    }
  }
}